,breed,fur,fur_color,gender,life_expectancy
1,Bulldog Francés,Corto,Gris,Hembra,10
2,french poodle,Corto,Blanco,Macho,16
4,Bulldog Francés,Corto,Gris,Hembra,10
5,French Minitoy,Corto,Blanco,Hembra,18
6,Pomeranian,Largo,Blanco,Hembra,16
7,American Bully,Corto,Gris,Macho,20
8,West Highland White Terrier,Largo,,Macho,15
9,Bichón Maltés,Largo,Blanco,Macho,15
12,Bulldog Francés,Corto,Gris,Macho,10
13,Bulldog Francés,Corto,Crema,Hembra,14
14,Akita Américanos,,,Hembra,
15,Bulldog Francés,Corto,,Hembra,14
16,Beagles,Corto,,Hembra,12
17,Shitzu,,,Hembra,
18,french poodle minitoy,Largo,Chocolate,Hembra,15
19,Husky Siberiano,Largo,Negro,,15
20,Pug,Corto,Gris,Macho,15
22,Cocker,Corto,Café,Hembra,13
23,Shitzu,Corto,Blanco,Hembra,14
26,Shih Tzu,Largo,Tricolor,Hembra,16
27,Pomerania,Largo,Blanco,,16
29,Bulldog Inglés,Corto,Blanco,Hembra,8
30,Yorkies terrier,Largo,Negro,Hembra,15
31,Bichos maltés,Largo,Blanco,Hembra,15
32,Shitzus,Corto,Blanco,Macho,10
33,Pastor australiano (Mini Aussies,Largo,azul merle,Macho,15
34,Pastor  Alemán,Largo,Negro/Fuego,Macho,13
35,Bulldog Inglés,Corto,Blanco,Macho,10
36,Bulldog Francés,Corto,Negro,Hembra,14
38,Yorkshire Terrier,Largo,,,16
41,Border Collie,Largo,Bicolor,,17
42,Schnauzer miniatura blanco,Largo,Blanco,Macho,15
43,Samoyedo,Largo,Blanco,,13
45,Bulldog Francés,Corto,blanco y negro,Macho,14
46,Pomeranian,Largo,Blanco,Hembra,15
47,Bulldog Francés,Corto,Gris oscuro,Macho,14
48,Pomerania,Largo,Blanco,,16
49,Jack Russell Terrier,Corto,Bicolor,,16
50,Bulldog Francés,Corto,Gris oscuro,Macho,14
51,Pomerania a,Largo,Negro,Hembra,12
52,Pura,Largo,Negro,Hembra,16
54,Bulldog Inglés,Corto,Negro,Macho,10
55,West Highland Terrier,Largo,Blanco,,14
56,Yorkies,Largo,Negro,Hembra,15
57,Golden Retriever,Largo,Dorado,Macho,12
58,Westy white,Largo,Blanco,Hembra,15
59,Akita Americano,Corto,Negro,Macho,10
60,Pug,Corto,,Hembra,15
63,Pitbull,Corto,Blanco,Macho,14
65,PUG CARLINO,Corto,Beige,Macho,10
66,Bichón Maltés,Largo,Blanco,Hembra,15
68,Labrador,Corto,Chocolate,Macho,18
70,Akita,,cafe y blanco,,
72,Golden Retriever,Corto,Beige,Macho,10
73,PUG CARLINO,Corto,Beige albaricoque,Macho,15
74,Pastor alemán,Largo,Negro/Fuego,Macho,15
75,Salchicha,Corto,Negro,Hembra,16
77,French Poodle Minitoy Chocolate,Corto,Chocolate,Hembra,17
78,Husky Siberianos,Corto,Blanco,Hembra,8
79,Bulldog Francés,Corto,Blanco,Hembra,8
80,Shnauzer Miniatura,Corto,salpimienta,Macho,12
81,Bulldog Inglés,Corto,Marrón,Macho,10
82,San Bernardo,Corto,Marrón claro,Macho,8
83,Yorkies,Largo,Negro,Hembra,15
84,French,Largo,Blanco,Macho,18
85,Bulldog Inglés,Corto,Marrón claro,Macho,10
86,Schnauzer,Largo,Blanco,Hembra,16
87,Pastor Inglés,Largo,Bicolor,,15
88,French poodle minitoy,Largo,Marrón,Macho,20
90,FRENCH POODLE,Largo,Blanco,,20
91,French,Corto,Blanco,Macho,12
92,Cocker machos y hembras,Corto,Beige,Hembra,20
93,Bulldog Inglés,Corto,Gris oscuro,Macho,10
94,pastor aleman,Largo,Negro,Macho,13
95,Shih Tzu  Shitzu,Largo,Tricolor,Hembra,16
100,Pitbull,Corto,Beige,Hembra,14
101,Doberman Europeo,Corto,Negro,Macho,12
103,Labrador Retriever,Corto,,,14
104,Schnauzer,Corto,,Hembra,16
106,Golden Retriever,Largo,Dorado,Hembra,12
107,Pomerania macho y hembra,Largo,Arena,Hembra,20
108,French,Largo,Blanco,Macho,15
109,Bulldog Inglés,Corto,Marrón claro,Hembra,10
110,Bulldog Francés,Corto,Gris,Hembra,10
111,Beagle,Corto,Blanco,Hembra,15
112,Shih Tzu  Shitzu,Largo,Tricolor,Hembra,16
113,Shih Tzu  Shitzu,Largo,Blanco Y Negro,Hembra,16
114,Shih Tzu  Shitzu,Largo,Blanco,Hembra,16
115,French Minitoy,Corto,Blanco,Macho,12
116,Terrier Escocés,Largo,Negro,Macho,15
117,French,Corto,Marrón,Hembra,16
119,Bulldog Francés,Corto,Gris,Hembra,14
120,Shih Tzu,Largo,Tricolor,Hembra,16
121,Bulldog Francés,Corto,Blanco,Macho,14
122,Beagle,Corto,Blanco,Macho,15
123,Bichón Maltés,Largo,Blanco,Hembra,15
124,Yorkshire Terrier,Largo,Negro/Fuego,,16
125,Cocker spaniel,Largo,Beige,Hembra,14
126,Bulldog Inglés,Corto,Marrón oscuro,Macho,10
127,San Bernardo,Largo,café con blanco,Hembra,15
128,Cocker,,,Macho,
129,Shih Tzu,Largo,Tricolor,,16
130,French poodle chocolates,Corto,Marrón,Hembra,14
131,French poodle toy,Largo,Negro,Hembra,15
134,Boston Terrier,Corto,BLANCO Y NEGRO,Macho,15
135,Bulldog Inglés,Corto,Blanco,Hembra,10
137,Golden Retrieever,Corto,Marrón claro,Hembra,8
139,Chihuahua,Corto,Blanco,,20
140,Pomerania,Largo,Negro,Hembra,16
142,french poodle minitoy,Largo,Blanco,Hembra,15
143,Pastor australiano,Corto,Blu Merle,Macho,15
145,Ovejero Alemán,Largo,Marrón oscuro,,13
146,Jack Russell Terrier,Corto,Tricolor,Hembra,10
147,Pastor australiano aussie,Largo,Azul mirlo,Macho,15
148,French poodle mini toy,Largo,Chocolate,Hembra,15
149,Shitzu,Largo,Negro,,15
150,Yorkshire Terrier,Largo,Negro/Fuego,,16
152,Schnauzer Mini,,Blanco,,
153,Mastín Napolitano,Corto,Beige,,10
154,Golden Retriever,Largo,Dorado,Hembra,12
155,Bulldog Francés,Corto,Negro,Macho,14
156,Pastor Alemán,Largo,Negro,Hembra,13
157,French,Corto,Chocolate,Macho,16
158,Pastor Aleman,Largo,Negro,Macho,13
159,Hasky siberiano,Corto,Blanco,Macho,15
161,Bulldog Inglés,Corto,Marrón claro,Hembra,10
163,Husky Siberiano,Largo,,Hembra,15
165,Golden Retriever,Largo,Dorado,Macho,12
166,Bulldog Francés,Corto,Gris,Macho,5
167,Husky Siberiano,Corto,Negro,,15
168,Ovejero Alemán,Largo,Negro,,13
169,Cachorros lulú de Pomerania,Largo,Blanco,Macho,20
170,Pitbull,,Blanco,Hembra,2
171,Bulldog Inglés,Corto,Bicolor,,10
173,Pitbull,Corto,Blanco,Hembra,14
174,Shih Tzu,Largo,Tricolor,Macho,16
176,Pug,Corto,negro y gris,,15
178,Salchichas,Corto,Negro/Fuego,Macho,15
180,Shih Tzu,Largo,Tricolor,Hembra,16
181,Frech miniyoy,Corto,,Macho,12
182,Golden Retriever,Largo,Dorado,Macho,12
183,Pastor aleman,Largo,Negro,,15
184,Beagles,Corto,Beige,Macho,15
185,Cocker,Largo,Café,Macho,16
186,Husky Siberiano,Corto,,,15
187,Cocker,Largo,blanco con café,Macho,15
189,husky con Alaska,Largo,,Hembra,12
190,French Minitoy,Corto,Blanco,Macho,13
191,American Bully,Corto,Beige,Hembra,12
192,Schnauzer machos y hembras,Largo,Negro,Hembra,20
193,doberman pinscher,Corto,Negro/Fuego,,13
195,Chihuahua,Corto,Negro/Fuego,Hembra,20
196,Schnauzer Mini,Corto,Blanco,Macho,17
197,Pura,Corto,Beige,Macho,14
198,Shnauzer minitoy,Largo,Blanco,Hembra,12
199,Beagle,Corto,Blanco,Hembra,15
200,Pomerania,Largo,Blanco,,16
201,Dálmata,Corto,Blanco,Hembra,18
202,Schnauzer miny,Largo,Blanco,Hembra,15
203,San Bernardo,Largo,Bicolor,,10
204,Shih Tzu,Largo,blancos y tricolores,Hembra,16
205,Chihuahua,Corto,,Hembra,20
206,Boyero de Berna,Largo,Negro,Macho,10
208,Golden Retriever,Largo,Gold,,15
209,Cocker machos y hembras,Corto,Blanco,Hembra,20
211,Golden Retriever,Largo,Dorado oscuro,Macho,18
212,Chihuahua,Corto,Negro/Fuego,Hembra,20
213,Chihuahua,Corto,Beige con Blanco,Hembra,20
214,Pug,Corto,,,15
215,Bulldog Francés,Corto,Gris oscuro,Macho,14
217,French poodle minitoy,Largo,Rojizo,Hembra,20
218,Cocker machos y hembras,Largo,dorado y blanco,Hembra,20
219,Golden Retriever,Largo,Dorado,,12
220,Schnauzer Mini,,Blanco,,
221,Shnauzer Miniatura,Corto,Salpimienta,Macho,12
223,Beagle,Corto,,Macho,12
224,Pinscher Miniatura,Corto,café,Macho,17
225,Rotwailer,Corto,Negro,Macho,15
227,Yorkies,Largo,Negro,Hembra,12
228,Bichón Maltés,Largo,Blanco,Hembra,15
230,Golden Retriever,Largo,Dorado,Macho,12
231,Golden,Largo,Dorado,Hembra,12
232,Salchichas,Corto,Negro,Macho,16
233,Schnauzer,Largo,Negro,Macho,16
234,American Bully,Corto,MERLE,Hembra,12
235,French,Corto,Chocolate,Macho,16
236,Pinscher Miniatura,Corto,café,Macho,17
237,Pinscher Miniatura,Corto,Negro,Macho,17
240,French,,Chocolate,Hembra,2
241,Alaska malamute,Largo,Negro,Macho,15
242,American Bully,Corto,Crema,Macho,22
244,French poodle mini toy,Corto,Chocolate,Hembra,15
245,French poodle machos y hembras,Largo,Chocolate,Hembra,20
247,Pitbull,Corto,Gris,Macho,8
248,Yorkies terrier,Largo,Negro,Hembra,12
249,Persa,Largo,Gris,Macho,12
250,Pug,Corto,Crema,Hembra,15
251,Pug,Corto,Marrón,Hembra,10
252,Bulldog Inglés,Corto,Marrón oscuro,Macho,10
253,Golden Retriever,Largo,Beige,,12
254,Dálmata,Corto,Blanco,Hembra,18
255,Bulldog Inglés,Corto,Negro,Hembra,10
256,Pomerania,Largo,Blanco,,16
257,Yorkies terrier,Largo,Negro,Hembra,17
259,pastor aleman,Largo,Negro/Fuego,Macho,18
260,Pug,Corto,Gris,Hembra,10
261,Labrador,Corto,Beige,Macho,16
262,Labrador Retriever,Corto,,,14
263,frech poodle,Corto,blanco o beige,Macho,18
264,Labradore,Corto,Beige,Hembra,16
265,Bernes,Largo,Negro,Hembra,17
266,Shih Tzu,Largo,Tricolor,Hembra,16
267,Shitzu Miniatura,Corto,Tricolor,Hembra,12
269,Cachorros French poodle minitoy,Largo,Blanco,Hembra,20
270,French,Corto,Blanco,Hembra,12
271,Doberman,,Chocolate,Macho,2
272,Shitzu Miniatura,Corto,Tricolor,Macho,12
274,French poodle mini toy,Corto,Blanco,Macho,15
275,Shitzu,Largo,,Hembra,15
278,Pug carlino,Corto,Marrón claro,Macho,12
280,Bulldog Inglés,Corto,,,10
282,Galgo Afgano,Largo,Rojo,Macho,
283,Bulldog Inglés,Corto,,,10
284,American Bully,,gris beige blanco con negro entre los que observa,,
285,Ovejero Alemán,Largo,,,13
286,Cachorros Labrador Retriever chocolate,Corto,Chocolate,Macho,20
287,Pastor Ovejero Aleman,Largo,Amarillo,Macho,13
288,Pomeranian,Largo,,Macho,16
289,Chihuahua Mexicano,Corto,,Macho,20
291,Pitbull,Corto,Blanco,,14
293,Pekinés,Largo,,,14
294,Shitzu,Largo,Blanco,Hembra,12
296,FRENCH POODLE,Largo,Chocolate,,20
297,Golden Retriever,Largo,Dorado,Macho,12
298,Doberman,Corto,Negro/Fuego,,13
299,Doberman Europeo,Corto,Negro,Hembra,14
300,Golden Retriever,Largo,Dorado,Macho,12
301,pequines,Largo,Beige,,14
302,Schnauzer,Largo,Blanco,Hembra,20
303,Snausher,Corto,,Macho,60
304,Hasky siberiano,Corto,Gris/Blanco,Macho,15
305,Schnauzer,Corto,,Macho,16
306,pastor aleman,Largo,Negro,Macho,13
307,Bulldog,Corto,Beige,Hembra,10
308,Schnauzer Mini,Largo,,Macho,14
310,Pitbull,Corto,café,Hembra,14
311,Chihuahua,Corto,Blanco,,20
312,frech poodle,Corto,Blanco,Macho,14
313,PEQUINES,Largo,Blanco,,14
314,Cocker,Largo,dorados con blanco,Macho,15
315,Chihuahua,Corto,Blanco,Hembra,20
318,Beagle,Corto,Tricolor,,15
319,Frechminitoy,Corto,,Macho,12
321,French,Corto,Blanco,Hembra,15
322,Yorkshire Terrier,Largo,Negro/Fuego,,16
323,Cachorros Yorkshire terrier minitoy tasita de te,Largo,Bicolor,Hembra,20
324,Bulldog Inglés,Corto,Chocolate,Hembra,10
325,Samoyedo,Largo,Blanco,,13
326,Husky,Largo,manto negro,Macho,16
327,Maltés,Largo,Blanco,Hembra,20
328,Shitzu machos y hembras,Largo,Tricolor,Hembra,20
330,American Bully,Corto,Crema,Hembra,15
331,Mastín Napolitano,Corto,Plomo,Macho,10
332,Labrador Retriever,Corto,Chocolate,,14
333,Akita Americano,Largo,Tricolor,,15
334,Pug,Corto,Beige,Hembra,15
336,Shitzu,Largo,Blanco,Hembra,16
337,Chihuahua,Corto,Blanco Y CREMA,Macho,15
340,Bichón Frisé,Largo,Blanco,Macho,20
341,Shih Tzu,Largo,,,16
342,French,Corto,,Hembra,20
343,Bichón Frisé,Largo,Blanco,Macho,15
344,Cachorros Alaska malamute,Largo,Bicolor,Macho,20
345,Husky Siberiano,Corto,Marrón oscuro,Macho,15
346,Bichón Maltés,Corto,Blanco,Macho,13
347,Shar Pei,Corto,Crema,,11
348,FRENCH POODLE,Largo,Blanco,,20
349,Schnauzer,Corto,salpimienta,Hembra,17
351,PEQUINES,Largo,Beige,,14
352,Pomerania,Largo,Blanco,,16
353,Schnauzer,Largo,Blanco,,16
354,Cocker,Corto,Crema,Macho,20
355,Doberman,Corto,Negro,,13
356,Boston Terrier,Corto,Blanco con negro,Hembra,15
357,Husky Siberiano,Corto,Blanco,Hembra,15
358,Hermosos husky siberiano chocolate,Largo,chocolates,Macho,20
359,Pug,Corto,Beige,Hembra,10
360,FRENCH POODLE,Largo,Blanco,,20
361,Yorkshire Terrier,Largo,Bicolor,Hembra,15
363,frech poodle,Largo,Blanco,Hembra,18
364,Frech minitoy,Corto,,Macho,12
365,Shnauzer,Largo,,Macho,12
366,Schnauzer,Largo,Plateado,Hembra,15
367,Husky Siberiano,Corto,Negro,Macho,15
368,TECKEL PIEBALD,,PIEBALD,Hembra,
369,SALCHICHA O TECKEL,Corto,NEGRO FUEGO Y CAFE,,20
371,Schnauzer miniatura blanco,Largo,Blanco,Macho,15
372,French Poodle,,Azul,Macho,
373,Cocker Spaniel,Corto,Caqui,Macho,16
374,frech poodle,Corto,Blanco,Macho,14
376,Husky,Corto,Rojo,Hembra,12
377,Golden,Largo,,Macho,10
378,Cachorros Golden Retriever,Largo,Dorado,Hembra,20
379,Bichón Maltés,Largo,Blanco,,
380,Husky,Largo,Negro,Hembra,10
381,Bichón Maltés,Largo,Blanco,Hembra,15
382,Golden Retriever,Largo,Beige,,12
383,Border Collie,Largo,negro con blanco,Macho,15
384,Cachorros Labrador Retriever beige,Corto,Dorado,Macho,20
385,Bichón Maltés,Largo,Blanco,Macho,15
386,Boxer,Corto,Blanco,Macho,10
387,Cocker,Corto,Blanco,Hembra,15
388,Doberman,Corto,Negro,Macho,13
389,Husky Malamute,Largo,Gris con blanco,,12
391,Bichón Frisé,Largo,Blanco,,15
392,French poodle,,Crema,Macho,
394,golden retrivers,Largo,Dorado,Macho,18
396,Staffordshire Bull Terrier,,los que ve,,
397,pastor aleman,Largo,Negro/Fuego,Macho,13
398,Pitbull,Corto,Gris oscuro,,14
399,Bichón Frisé,Largo,Blanco,Macho,15
400,pastor aleman,Largo,Negro,Macho,13
401,French,Corto,Negro,Hembra,16
402,Husky Siberiano,Corto,manto negro o gris,Macho,15
403,Schnauzer,Corto,Negro,Hembra,16
404,Salchicha,Corto,café,Hembra,17
408,Husky Malamute,Largo,Crema con blanco,,12
409,Cocker Spaniel,Corto,blanco con café,Hembra,16
410,Cachorros Schnauzer Miniatura blancos,Largo,Blanco,Macho,20
411,Pitbull,Corto,Blanco,Macho,14
412,French,Largo,Chocolate,Hembra,16
413,Hermosos akita japonés inu,Corto,Marrón,Hembra,20
414,Golden Retriver,Largo,Marrón claro,Macho,8
415,frech poodle,Corto,Blanco,Macho,14
416,American Bully,,los que observa y mas,,
417,Bulldog Francés,Corto,Gris,Hembra,14
418,Shnauzer,Largo,Negro,Macho,12
419,Pitbull,Corto,Negro,Hembra,14
420,Shnauzer sal pimienta,,,Hembra,
421,Beagle,Corto,,Macho,10
423,Schnauzer Mini,Largo,Blanco,Macho,14
425,Bulldog Francés,Corto,Negro,Hembra,14
426,Caniche Mini,Largo,,,20
427,Bichón Maltés,Largo,,Hembra,15
428,Frechminitoy,Corto,,Hembra,10
429,Frech minitoy,Corto,,Macho,12
430,Frech minitoy,Corto,,Macho,12
432,french,Largo,blancos y beagel,Hembra,16
434,french poodle,Largo,Blanco,,15
435,Golden Retriever,Largo,Dorado,Hembra,12
436,GRAN DANÉS (Dogo Alemán),Corto,Negros,,10
437,Husky,,Gris,Hembra,
438,Shar Pei,Corto,Negro,Macho,15
439,Cachorros French poodle mini toy tacita de te,Largo,Blanco,Hembra,20
440,Yorkshire mini,Largo,Negro,Macho,16
441,Pequinés cabeza de león raza pura,Largo,Marrón oscuro,Macho,14
442,Hermosos schnauzer miniatura chocolate,Largo,Chocolate,Macho,20
443,Shnauzer,Largo,,Hembra,12
445,Shnauzer minitoy,Corto,Blanco,Hembra,10
446,french,Corto,blanco y salpimienta,Macho,16
447,Shnauzer,Largo,,Macho,12
448,American Bully,,los que ve entre otros,,
449,Bichón Maltés,Largo,Blanco,,
450,Cocker Spaniel Inglés,Largo,Dorado,,15
451,Schnauzer miniatura,Largo,salpimienta,Hembra,16
452,Pastor Alemán,Corto,Negro,Hembra,15
453,GRAN DANÉS (Dogo Alemán),Corto,Negros,,10
454,GRAN DANÉS (Dogo Alemán),Corto,Cervato (Leonados),,10
455,Bulldog Francés,Corto,,,14
457,Rottwiler,Corto,Negro,Macho,20
458,French,Corto,Blanco,Hembra,20
459,frech poodle,Corto,Blanco,Macho,14
460,Bulldog Francés,Corto,,,14
461,SALCHICHA,Corto,Negro,,
462,Pitbull,Corto,"Negro, Blanco, Café, Gris",Hembra,14
463,Yorkshire Terrier,Largo,los que ve,,16
464,Golden Retriever,Largo,Beige,Macho,12
466,Golden,Corto,,Macho,12
467,Schnauzer Mini,Largo,Blanco,,15
468,Schnauzer,Largo,Blanco,,20
469,Schnauzer Mini,Largo,Blanco,,20
470,Golden,Corto,,Macho,12
471,Schnauzer,Largo,BLANCO Y SAL PIMIENTA,,14
472,Golden,Corto,,Hembra,12
473,Husky Siberiano,Corto,manto negro o gris,Macho,15
474,Shih Tzu,Largo,Tricolor,,16
475,Pitbull Blue,Corto,Azul acero,Macho,8
476,Cachorros Bichón Maltés minitoy tasita de te,Largo,Blanco,Macho,20
477,american bully pocket,Corto,Negro,Hembra,8
479,Bulldog Inglés,Corto,los que observa,,10
480,frech poodle,Corto,Blanco,Hembra,20
482,Pitbull,Corto,Blue,Macho,14
483,Shnauzer Miniatura,Corto,salpimienta,Macho,12
484,Dogo Argentino,Corto,Blanco,,12
485,FRENCH POODLE,Corto,Blanco,,20
486,Bulldog Francés,Corto,Chocolate,Hembra,2
487,SALCHICHA,Corto,NEGRO Y CAFE,,12
488,Schnauzer miniaturas,Largo,Blanco,Hembra,15
489,Cocker,Corto,Blanco,Macho,12
490,Shnauzer Miniatura,Corto,salpimenta,Hembra,12
491,Husky Siberiano,Largo,Negro,Macho,15
492,Dachshund Mini,Corto,CAFE Y NEGRO FUEGO,,15
493,FRENCH POODLE,Corto,Chocolate,,2
494,Golden Retriver(macho y hembra),Largo,Dorado oscuro,Macho,1
495,Golden Retriver,Largo,Dorado,Macho,13
496,COCKER SPANIEL,Largo,Dorado,,20
497,Akita Americano,Corto,Blanco,Macho,15
498,Teckel salchicha,Corto,Negro,Hembra,20
499,pastor aleman,Largo,Negro/Fuego,Macho,13
500,Bichón Frisé,Largo,Blanco,Hembra,15
501,Chihuahua,Corto,blanco-negro,,20
502,pastor aleman,Largo,Negro/Fuego,Macho,13
503,Shitzu,Largo,Marrón claro,Hembra,14
504,Husky Siberiano,Corto,manto negro o gris,Macho,15
505,pastor aleman,Largo,Negro/Fuego,Macho,13
506,Husky Siberiano,Corto,Blanco,Hembra,15
507,salchicha,,Negro/Café,,
509,American Bully,Corto,Bicolor,,15
510,Cachorros French poodle minitoy chocolate,Largo,Chocolate,Hembra,20
511,Bichón Maltés,Largo,Blanco,,2
513,Labrador retriever chocolate,Corto,Chocolate,Hembra,20
514,Shit tzu mini,Largo,Tricolor,Macho,14
515,Pastor Belga Malinois,Corto,marrón con negro,Hembra,14
516,Akita Americano,Corto,Tricolor,Macho,15
517,Cachorros beagle puros,Corto,bicolores,Hembra,20
518,Yorkshire Terrier,Largo,"azul acero en el cuerpo y cola,",Hembra,16
519,San Bernardo,Largo,Tricolor,Macho,15
522,Frechminitoy,Corto,,Hembra,12
523,Dogo Argentino,Corto,Blanco,Hembra,12
525,Chihuahua,Corto,los que observa,,20
526,Cachorros Alaska malamute pelones,Largo,Bicolor,Macho,20
529,Cachorros Yorkshire terrier tea cup minitoy,Largo,Negro/Fuego,Hembra,20
531,Labrador Retriever,Corto,labrador crema claro y negro,Macho,17
532,Bulldog Inglés,Corto,Blanco,Hembra,10
534,pastor aleman,Largo,Negro,Macho,13
535,Pekinés,Largo,,,14
536,Border Collie,Corto,Blanco y Negro,,17
537,Pekinés,Largo,,,14
538,pastor aleman,Largo,Negro,Macho,13
539,Beagle,Corto,Tricolor,,18
540,Beagle,Corto,Tricolor,Hembra,15
541,pastor alemán,Largo,Negro/Fuego,Macho,13
543,Chihuahua,Corto,Negro/Fuego,Hembra,15
545,Golden Retriever,Largo,Dorado,Macho,12
546,Chihuahua,Corto,Beige,,20
547,Pastor aleman,Largo,Negro,Hembra,13
548,Bichón Maltés,Largo,Blanco,Macho,17
549,Cocker Spaniel Inglés,Largo,blanco y cafe,Hembra,15
551,TECKEL,,Café,,
553,Dogo Argentino,Corto,,Hembra,12
554,Labrador Retriever,Corto,Beige,,14
556,Yorkshire Terrier,Largo,los q ve,,16
557,Chihuahua,Corto,Blanco y Beige,Macho,15
558,Boxer,Corto,,,12
559,Bull Terrier,Corto,Blanco,Macho,14
560,Husky Siberiano,Corto,Gris,Macho,15
561,frech poodle,Largo,Blanco,Hembra,18
562,French,Corto,Blanco,Hembra,16
563,frech poodle,Largo,Blanco,Hembra,18
565,french,Corto,blanco y beagel,Macho,16
566,Frech miniyoy,Corto,,Macho,12
567,American Pitbull,Corto,Blanco,Macho,15
568,FRENCH POODLE,Largo,Blanco,,20
570,frech poodle,Corto,Blanco,Hembra,20
571,Golden Retriever,Largo,Dorado,Macho,12
572,French,Corto,,Macho,20
573,FRENCH POODLE MINI,Corto,Blanco crema,,20
574,Yorkshire Terrier,Largo,Dorado oscuro,Macho,17
575,frech poodle,Largo,Blanco,Hembra,18
576,FRENCH POODLE,Corto,BLANCO Y CREMA,,15
577,Doberman,Corto,Negro,Macho,13
578,Doberman,Corto,Negro,,13
579,American Bully,Corto,Negro,Macho,15
580,Pomerania,Largo,Blanco,Hembra,16
581,Schnauzer Mini,Corto,Salpimienta,Hembra,12
582,Shih Tzu,Largo,BLANCO CON CAFE,Hembra,16
583,Hasky siberiano,Largo,Blanco/Plomo,Macho,15
585,Pastor Inglés,Largo,Negro/Blanco,Hembra,15
586,Doberman,Corto,Caqui,,13
587,Hasky siberiano,Largo,Blanco/Plomo,Macho,15
588,Ovejero Alemán,Largo,,,13
589,Pomerania,Largo,Naranja,Macho,16
591,French poodle mini toy,Corto,Blanco,Hembra,15
593,Yorkshire Terrier,Largo,Agua,Macho,16
594,Samoyedo,Largo,Blanco,,13
595,Bulldog Francés,Corto,Negro,Hembra,17
596,Hermosos akitas americanos padres de pedigree,Corto,Tricolor,Macho,20
597,Chihuahua,Corto,Blanco,Hembra,15
598,Labrador Retriever,Corto,Chocolate,Hembra,20
601,Golden Retriever,Largo,Dorado,Macho,12
602,Cocker,,Café,,
603,Bichón Maltés,Largo,Blanco,Hembra,15
604,Schnauzer,Largo,Blanco,Hembra,16
605,Shih Tzu,Largo,Tricolor,Macho,16
606,Pekinés,Largo,,,14
608,Chihuahua,Largo,Blanco,Macho,19
610,Pekinés,Largo,,,14
611,Jack Russell Terrier,Corto,blanco con café,Hembra,16
615,Yorkshire Terrier,Largo,los que ve como son esos,,16
617,Pekinés,Largo,,,14
618,Pug,Corto,,,15
619,Pequinés cabeza de león,Largo,Blanco,Macho,14
620,Shih Tzu,Largo,Tricolor,Hembra,16
621,Shih Tzu,Largo,Tricolor,Macho,16
622,French poodle minitoy,Largo,Chocolate,Hembra,20
623,Chihuahua,Corto,entre los que observa,,20
625,Ovejero Alemán,Largo,Negro,,13
627,Bichón Maltés,,Blanco,,
628,Bulldog Francés,Corto,,,14
629,Pastor aleman,Largo,Negro/Fuego,Macho,13
630,Husky Siberiano,Corto,negro con blanco,Macho,15
631,Cachorros Bichón Maltés tasita de te minitoy,Largo,Blanco,Hembra,20
633,French,Corto,Blanco,Hembra,20
634,Hembra,Largo,Crema,,12
635,Pug,Corto,Beige,,15
636,Husky Siberiano,Corto,Negro,,15
638,Shih Tzu,Largo,Tricolor,Hembra,16
640,Doberman,Corto,Caqui,,13
641,teckel,Corto,Negro/Fuego,,
642,Pomerania,Largo,,,16
644,Shnauzer,Corto,Salpimienta,Hembra,13
645,Cachorros Yorkshire Terrier minitoy tasita de te tea cup,Largo,Bicolor,Hembra,20
646,Pomerania,Largo,Blanco,Hembra,10
647,Chihuahua,Corto,Blanco y beige,Hembra,20
648,Cachorros Yorkshire Terrier minitoy tea cup,Largo,Negro/Fuego,Hembra,20
649,Chihuahua,Corto,Miel,Macho,20
650,Shih Tzu,Largo,Tricolor,Macho,16
651,Schnauzer miniaturas,Largo,Negro/Fuego,Hembra,20
652,Pug,Corto,Beige,,15
653,Pug,Corto,Arena,,15
654,Bulldog Francés,Corto,Dorado oscuro,Macho,15
655,Schnauzer miniatura blanco,Largo,Blanco,Macho,15
656,Pitbull,Corto,Café,,14
658,Chihuahua,Corto,Miel,Macho,20
659,Pomerania,Largo,Negro,Hembra,16
660,Shih Tzu,Largo,Tricolor,,16
661,Yorkshire Terrier,Largo,Negro,Hembra,16
662,Pomerania,Largo,,,16
664,Chihuahua,Corto,Blanco,Hembra,20
665,Cachorros Yorkshire terrier minitoy tasita de te,Largo,Bicolor,Macho,20
666,Yorkshire Terrier,Corto,Negro/Fuego,,16
667,Shnauzer Miniatura,Corto,blanco y salpimienta,Hembra,12
669,Shih Tzu,Largo,Blanco y Caramelo,Macho,16
670,Yorkshire Terrier,Largo,Tricolor,,16
671,Pastor Aleman,Corto,Negro,Hembra,12
672,Beagle,Corto,tricolor y limón,Macho,15
673,West Highland White Terrier,Largo,,,16
674,Viejo pastor inglés,Largo,negro con blanco,Macho,16
675,Beagle,Largo,Blanco,Hembra,16
676,Yorkshire Terrier,Largo,Ocre,Macho,16
677,Cane Corso,Corto,Gris,,12
678,Bulldog Inglés,Corto,los que ve,,10
679,Cachorros Doberman pinscher miniatura,Corto,Negro/Fuego,Macho,20
680,Bulldog Francés,Corto,,,14
681,pastor aleman,Largo,Negro/Fuego,,13
682,Shih Tzu  Shitzu,Largo,Caramelo,Hembra,16
683,Pomerania,Largo,Marrón,,16
684,Bichón Maltés,,Blanco,,
685,Shnauzer Miniatura,Corto,Blanco,Macho,12
686,Bulldog Inglés,Corto,Blanco,Hembra,20
687,Bulldog Francés,Corto,Crema,Hembra,10
688,Shih Tzu,Largo,Tricolor,Hembra,16
689,Schnauzer,Largo,BLANCO NEGRO SAL Y PIMIENTA,Macho,16
690,Shnauzer,Corto,Negro azabache,Macho,13
692,Beagle,Corto,Negro,Hembra,15
693,Pug,Corto,,,15
694,Rottweiler,Corto,CAFE FUEGO,,10
695,Ovejero Alemán,Largo,,Hembra,13
696,Beagle,Corto,Negro,Macho,13
697,Pastor aleman,Corto,,Hembra,20
698,Shih Tzu,Largo,Tricolor,Macho,16
699,Shih Tzu  Shitzu,Largo,Tricolor,Hembra,16
700,Shih Tzu  Shitzu,Largo,Caramelo,Hembra,16
701,Boston Terrier,Corto,BLANCO Y NEGRO,Macho,15
702,Pastor Alemán machos y hembras,Corto,Negro/Fuego,Hembra,20
703,Shnauzer Minitoy,,Blanco y Salpimienta,Hembra,
704,Shitzu super ñatos enanos,Largo,tricolores,Macho,20
705,Cachorros Schnauzer Miniatura sal pimienta,Largo,sal pimienta,Hembra,20
708,Pastor Aleman,Largo,Negro,Hembra,13
709,San Bernardo,Largo,Tricolor,,15
710,Golden Retriever,Corto,Beige,,12
711,Schnauzer Mini,Corto,Salpimienta y Blanco,Macho,12
712,Bulldog Francés,Corto,Fawn,,14
713,Cocker Spaniel Inglés,Largo,DORADO Y BLANCOP,Hembra,15
714,Ovejero Alemán,Largo,,,13
715,Bulldog Francés,Corto,,Hembra,14
716,Cachorros French poodle minitoy tasita de te,Largo,Blanco,Hembra,20
717,Viejo pastor ingles,Largo,Gris,Macho,15
718,American Bully,Corto,Azul,Hembra,10
719,Shnauzer,Corto,salpimienta,Hembra,13
720,Pastor aleman,Largo,,Macho,13
721,Cachorros Labrador Retriever chocolate,Corto,Chocolate,Hembra,20
722,Beagle,Corto,tricolores,Macho,16
723,PASTOR ALEMAN,Largo,Negro/Fuego,,13
727,Husky Siberiano,Corto,Gris oscuro,Macho,15
728,Cocker,Largo,café  con blanco,Macho,15
729,pastor aleman,Largo,Negro/Fuego,,13
730,Pug,Corto,Crema,Macho,15
731,Bulldog Francés,Corto,Crema,,14
732,Pastor Aleman,Largo,Negro,Hembra,13
733,Bulldog Inglés,Corto,,,10
734,frech poodle,Corto,Blanco,Macho,14
737,Ovejero Alemán,Largo,Negro,Hembra,13
738,frech poodle,Corto,Blanco,Hembra,18
739,Cocker,Corto,café y blanco,Hembra,20
740,French poodle mini toy,Corto,Blanco,Macho,15
741,Boston Terrier,Corto,Negro,Macho,15
742,Bulldog Inglés,Corto,Marrón claro,Macho,10
743,Golden Retriever,Largo,Dorado,Macho,12
744,Pitbull,Corto,Negro,,14
745,NingunA,,Caqui,Hembra,
746,Golden,Largo,Dorado,Macho,12
747,Cocker machos y hembras,Corto,Blanco,Hembra,20
748,Shar Pei,Corto,marro,Hembra,15
749,Cachorros Teckel Salchicha minitoy,Corto,Negro/Fuego,Macho,20
750,Pastor Belga,Corto,"negro, café y blanco",Macho,12
751,Cocker,Largo,Blanco,Macho,18
754,pastor aleman,Largo,Negro,Macho,13
755,San Bernardo,Largo,Tricolor,,15
756,Beagle,Corto,Negro,Macho,15
757,Shih Tzu,Largo,Tricolor,Hembra,16
758,Cachorros Bichon maltés minitoy tasita de te,Largo,Blanco,Hembra,20
759,Bull terrier ingles,Corto,Bicolor,Macho,14
760,Schnauzer,Largo,Blanco,,
761,Chihuahuas cabeza de manzana,Corto,negro con cafe,Hembra,50
762,Bichón Maltés,,Blanco,,
763,American Bully,Corto,Gris oscuro,Macho,15
764,American buly,Corto,Azul,Hembra,14
765,pastor aleman,Largo,Negro,Macho,13
766,Doberman,Corto,Caqui,,13
767,Pitbull,Corto,Blanco,,14
768,Chihuahua,Corto,Blanco,Hembra,20
771,Akita,Largo,Bicolor,Hembra,16
772,Shih Tzu,Largo,Tricolor,Macho,16
774,Labrador Retriever,Corto,Negro,,14
775,American Bully,Corto,Negro,Macho,15
776,MERINO,,Beige,,
777,Shitzu,Largo,Tricolor,Hembra,15
778,Schnauzer Mini,Largo,blanco y negro,Hembra,15
779,Shnauzer vlanco,Largo,Blanco,Macho,10
781,Rotwiller,Corto,Negro/Fuego,Macho,14
782,PEQUINES,Largo,Blanco,,14
783,Pomerania,Largo,Beige,,16
784,Cocker machos y hembras,Corto,Dorado,Hembra,20
785,Shih Tzu,Largo,Caramelo con Blanco,Macho,16
788,Shnauzer Miniatura,Corto,salpimienta,Hembra,12
789,Pomerania,Largo,Blanco,,16
790,Beagle,Corto,,Macho,12
791,Goldendoodle,Largo,Dorado,Hembra,18
792,frech poodle,Corto,Blanco,Macho,14
793,Chihuahua,Corto,,,20
794,Pastor alemán,Corto,Negro,Hembra,15
795,Pekiñez,Largo,Beige- Marron,Hembra,1
796,ShiTzu,Largo,tricolores y blanquitas,Hembra,16
797,Chihuahua,Corto,Beige,Macho,13
798,Bulldog Inglés,Corto,Blanco,,10
799,Pastor Belga Malinois,Largo,Rojo,Hembra,14
800,Chihuahua,Corto,Negro,Hembra,20
801,Cachorros Shitzu miniatura,Largo,Blanco,Hembra,20
802,San Bernardo,Largo,Tricolor,Hembra,20
803,Bulldog Francés,Corto,,,14
804,Weimaraner,Corto,Gris oscuro,,13
805,Bichón Maltés,Largo,Blanco,Hembra,15
807,Ovejero Alemán,Largo,,,13
808,Shih Tzu,Largo,Tricolor,Hembra,16
809,Pomerania,Largo,Negro,,16
810,Husky con bully,Corto,negro con blanco y café,Macho,30
812,Golden Retriever,Largo,Dorado,Macho,12
813,Golden Retriever,Largo,Dorado,Macho,12
814,Pug,Corto,Arena,,15
816,Pitbull,Corto,Chocolate,Hembra,14
817,Beagle,Corto,Crema,Macho,12
818,Doberman,Corto,Negro,,13
819,Cachorros French poodle minitoy tasita de te,Largo,Blanco,Macho,20
820,Schnauzer miniatura,Largo,Blanco,Macho,15
821,Shih Tzu,Largo,Tricolor,Hembra,16
822,Golden Retriever,Largo,Dorado,Macho,12
823,Pitbull,Corto,Blanco,,14
824,Beagle,Corto,tricolor bicolores,Hembra,20
825,Hermosos cachorros yorkshire terrier minitoy tasita de te,Largo,Negro/Fuego,Hembra,20
826,Schnauzer miniatura sal pimienta,Largo,sal pimienta,Macho,15
827,Bulldog Francés,Corto,Negro,,14
828,Husky Siberiano,Corto,Gris oscuro,Macho,15
830,Pinscher Miniatura,Corto,Negro,Hembra,17
831,Shih Tzu,Largo,Blanco,Hembra,16
836,Shih Tzu,Largo,Tricolor,Hembra,16
840,pastor aleman,Largo,Negro/Fuego,Macho,13
841,Ovejero Alemán,Largo,Negro,,13
842,Cachorros West highland terrier westy,Largo,Blanco,Macho,20
843,Pequines blancos,Largo,Blanco,Macho,14
845,Bichón Frisé,Largo,Blanco,Macho,15
847,pastor aleman,Largo,Negro,Macho,13
848,Pomeranio,Largo,Blanco,Macho,13
849,Bulldog Inglés,Corto,Blanco,,10
850,Bichón Maltés,Corto,Blanco,Macho,12
851,Cachorros Akita americano,Corto,Tricolor,Macho,20
853,French poodle minitoy,Largo,café,Hembra,20
855,American Bully exótico,Corto,Café claro,Macho,12
856,Golden Retriever,Largo,Dorado,Macho,12
857,PASTOR INGLES OVEJERO,Largo,Bicolor,,15
858,Schnauzer,Largo,Blanco,Hembra,16
859,American Bully,Corto,Marrón claro,Macho,10
860,Hermosos cachorros bichon maltés tasita de te,Largo,Blanco,Hembra,20
861,Shnauzer Miniatura,Corto,Salpimienta,Hembra,12
863,Golden Retriever,Largo,Dorado,Macho,12
865,Schnauzer hembras y machos,Largo,Blanco,Hembra,20
866,Schnauzer Mini,Largo,blancos y negro plata,Hembra,15
868,Shnauzer Miniatura,Corto,Blanco,Hembra,13
870,Bichón Frisé,Largo,Blanco,,
871,Shih Tzu  Shitzu,Largo,Blanco Y Negro,Hembra,16
872,Shih Tzu,Largo,Tricolor,Macho,16
873,Shih Tzu,Largo,Tricolor,Hembra,16
874,SALCHICHA,Corto,CAFE Y NEGRO,,20
875,Dachshum (salchichas),Corto,Negro,Macho,15
876,American Bully Pocket,Corto,Gris,Hembra,10
877,Yorkshire Terrier,Largo,Negro,Hembra,16
880,Bulldog Inglés,Corto,Blanco,Macho,10
881,Shih Tzu,Largo,Tricolor,Hembra,16
882,PITBULL AMERICANO,Corto,Gris oscuro,Macho,14
883,Jack Russell Terrier,Corto,Blanco,,16
884,Caniche Toy,Largo,,Hembra,15
885,Pug,Corto,,,15
887,Shih Tzu  Shitzu,Largo,Tricolor,Hembra,16
888,Shih Tzu  Shitzu,Largo,Blanco Y Negro,Hembra,16
889,Shih Tzu  Shitzu,Largo,Blanco,Hembra,16
890,Chihuahua,Corto,Blanco,,20
891,Doberman,Corto,Negro,,13
892,Cocker spaniel,Largo,Nude,Hembra,15
895,Pomerania,Largo,Blanco,,16
897,Labrador Retriever,Corto,,,14
898,Mastín Napolitano,Corto,,,10
899,Yorkshire Terrier,Largo,,,16
901,Ovejero Alemán,Largo,,,13
902,American Bully,Corto,,Hembra,15
905,Border Collie,Corto,Nude,Hembra,15
906,Samoyedos,Largo,Blanco,Hembra,15
907,Dogo de Burdeos,Corto,,,8
909,Bulldog Francés,Corto,Gris oscuro,,14
911,Westy white terrier,Corto,,Hembra,15
912,Bulldog Inglés,Corto,Gris,,10
913,Jack Russell Terrier,Corto,,,16
914,Cachorros Bichon maltés tea cup tasita de te,Largo,Blanco,Macho,20
916,San Bernardo,Largo,Tricolor,Hembra,20
917,Bulldog Francés,Corto,Blanco,,14
918,Hermosos husky siberiano pelón,Largo,Blanco,Macho,20
919,Salchicha,Corto,Negro,Hembra,0
920,Bulldog Francés,Corto,Marrón claro,Hembra,14
922,Chihuahua,Corto,Blanco,Hembra,10
923,Pekinés,Largo,Blanco,Hembra,14
924,Pitbull,Corto,Gris oscuro,Macho,14
925,Chihuahua,Corto,Negro,Hembra,20
926,Yorkshire,Largo,Plateado,Macho,16
927,Shnauzer Miniatura,Corto,salpimienta,Macho,12
928,Cachorros Schnauzer miniatura,Largo,Blanco,Hembra,20
931,Husky Siberiano,Corto,Gris oscuro,Macho,3
932,Akita Americano,Corto,Blanco,,15
933,Yorkshire Terrier,Largo,,,16
934,Golden Retriever,,,Macho,
935,Schnauzer miniatura sal pimienta,Largo,sal pimienta,Macho,15
936,Ovejero Alemán,Largo,,,13
937,Ovejero Alemán,Largo,,,13
939,Doberman,Corto,Caqui,,13
940,Pitbull,Corto,Marrón claro,,14
941,Bichón Maltés,Largo,Blanco,,2
942,Chihuahua,Largo,Blanco,Macho,20
943,Shnauzer Miniatura,Corto,Blanco,Hembra,12
945,Pastor alemán,Largo,Negro/Fuego,Macho,15
946,Cachorros Bichón Frisé minitoy,Largo,Blanco,Macho,20
947,Pug Carlino patas cortas,Corto,Crema,Macho,15
948,PIDBUL,Corto,Blanco,Macho,1
949,Chiguagua blanco,Corto,Blanco,Hembra,14
950,Mastil italiano,Corto,Negro,Hembra,2
955,Shnauzer Miniatura,Corto,Salpimienta,Macho,12
956,Beagle,Corto,Tricolor,,
957,Pitbull,Corto,Chocolate,,14
958,Cachorros Golden Retriever,Largo,Dorado oscuro,Macho,20
959,Pastor Aleman,Corto,Negro,Hembra,16
960,Belga Malinois,Corto,Marrón claro,Hembra,12
961,PastorAlemán,Largo,Negro/Fuego,Hembra,13
963,Viejo pastor inglés,Largo,negro con blanco,Macho,17
964,Schnauzer Mini,Corto,Salpimienta,Macho,12
965,Pitbull,Corto,Blanco,,14
966,Schnauzer Mini,Largo,"sal pimienta, negritos y blancios",,14
967,West Highland White Terrier,Largo,Blanco,Macho,16
968,golden retrivers,Largo,Dorado,Macho,18
969,Chihuahua,Corto,Bicolor,Hembra,20
971,Chiwawa,Corto,Blanco,Macho,1
972,Rottweiler,Corto,Negro y Fuego,Macho,12
973,Bulldog Inglés,Corto,Blanco,Hembra,10
974,Cachorros Cocker inglés,Corto,Bicolor,Macho,20
975,Beagle,Corto,Blanco,Macho,15
976,Akita Americano,Corto,Tricolor,,15
977,San Bernardo,Largo,Tricolor,,15
978,Cocker spaniel,,Dorado oscuro,Macho,
979,Bichón maltés frise,Largo,Blanco,Hembra,15
980,Golden retriver,Largo,,Hembra,20
982,Labrador Retriever,Corto,Negro,,14
983,Cachorros French poodle minitoy tasita de te,Largo,Blanco,Macho,20
984,Boston Terrier,Corto,vaquita,Hembra,10
985,French  poodle,Corto,Blanco,Hembra,17
986,Pastor alemán,Corto,Negro/Café,Macho,11
987,Cachorros West highland terrier westy,Largo,Blanco,Macho,20
988,Pitbull,,Blanco,Hembra,
989,Cachorros Bichón Maltés tacita de te minitoy,Largo,Blanco,Hembra,20
990,Akita Americano,Corto,Tricolor,,15
993,DOBERMAN MINI,Corto,Negro/Fuego,,13
995,French,Corto,Blanco,Macho,17
996,Pastor Belga Malinois,Corto,Gris oscuro,Hembra,14
997,pastor aleman,Largo,Negro,Macho,13
998,Pug,Corto,Crema,,15
1000,Husky Siberiano,Corto,Rojo,Hembra,14
1001,Schnauzer,Largo,Blanco,,16
1002,Pekinés,Largo,Blanco,,14
1003,Cachorros Labrador Retriever,Corto,Dorado,Macho,20
1004,Labrador Retriever,Corto,Dorado,,14
1006,Bulldog Francés,Corto,Negro,,14
1007,Cachorros Yorkshire terrier tea cup minitoy tasita de te,Largo,Negro/Fuego,Hembra,20
1008,Doberman,Corto,Marrón,Macho,13
1009,Alaskan Malamute - Husky,Largo,Crema con blanco,Hembra,12
1010,Hermosos cachorros french poodle minitoy tasita de te,Largo,Blanco,Hembra,20
1011,Bulldog Francés,Corto,Negro,,14
1012,Husky Siberiano,Largo,Negro,Macho,13
1014,schnauzer miniatura,Largo,Blanco,Hembra,15
1015,Pug,Corto,Negro,,15
1017,Chihuahuas cabeza de venado,Corto,Gris,Hembra,1
1018,Bull Terrier,Corto,Negro,,14
1019,Pequines mini,Largo,color miel,Macho,15
1021,Beagle,Corto,Marrón oscuro,,2
1023,American Bully,Corto,Blanco,Hembra,12
1024,Cachorros Bichón Frisé tea cup tasita de te,Largo,Blanco,Hembra,20
1025,frech poodle,Corto,Blanco,Macho,14
1029,American bully poket,Corto,Azul acero,Hembra,15
1030,Pitbull,Corto,Marrón claro,Hembra,14
1031,Pug,Corto,Beige,Hembra,15
1033,Bulldog Inglés,Corto,Blanco,,10
1034,San Bernardo,Largo,Tricolor,Macho,15
1036,Pastor aleman,Largo,Negro/Fuego,Macho,20
1037,Border,Largo,Negro,Hembra,18
1038,Husky Siberiano,Corto,Marrón oscuro,,15
1039,Bulldog Inglés,Corto,Blanco,Macho,10
1042,Yorkshire Terrier,Largo,Negro/Fuego,,15
1043,French,Corto,Beige y Blanco,Macho,13
1045,Bulldog,Corto,Gris,Macho,15
1047,Bulldog Francés,Corto,Lila,,14
1048,Golden Retriever,Largo,,Macho,12
1049,Golden Retriever,Largo,Dorado,Macho,12
1050,Dogo Argentino,Corto,Blanco,,12
1051,Pastor Aleman,,Negro,Macho,
1052,Frech poodle mini toy,Corto,Blanco,Macho,15
1053,Schnauzer,Corto,Blanco,Macho,10
1056,Doberman,Corto,Negro,,13
1057,Shih Tzu,Largo,Tricolor,Macho,16
1058,Chiguahua,Corto,Crema,Hembra,15
1059,Golden Retriever,Largo,Nude,,12
1060,San Bernardo,Largo,Blanco,,10
1061,Pastor Belga Malinois,Corto,Dorado oscuro,Macho,12
1062,Cocker Spaniel Inglés,Largo,DORADO Y BLANCOP,,15
1063,Cocker,Corto,Blanco con café,Hembra,20
1066,Pekinés,Largo,Marrón claro,,14
1067,Doberman,Corto,Caqui,,13
1068,Bichón frisé macho y hembra,Largo,Blanco,Hembra,20
1069,pastor aleman,Largo,Negro,Macho,13
1070,Golden Retriever,Largo,Dorado,Macho,12
1071,Samoyedo,Largo,Atigrado,,13
1073,Pastor alemán,Largo,Negro/Café,Hembra,15
1074,Pastor Inglés,Largo,Blanco,Hembra,15
1075,Bulldog Francés,Corto,Marrón,,14
1076,Cachorros Cocker inglés,Corto,Bicolor,Macho,20
1077,Bulldog Francés,Corto,Rojo,Hembra,15
1078,West Higland White Terrier,,Blanco,Hembra,
1079,frech poodle,Largo,Blanco,Hembra,18
1080,American Bully,Corto,Blanco,Macho,12
1081,Yorkshire Terrier,Largo,Negro Fuego con Dorado y Plateado,Hembra,16
1082,Beagle,Corto,Tricolor,Macho,15
1083,Pastor Inglés,Largo,Blanco,Hembra,15
1084,golden,Largo,Negro,Macho,45
1085,Shutzu,Largo,,Macho,10
1086,Chihuahua,Corto,Blanco,Macho,12
1087,Gran Danés,Corto,Negro,,8
1088,Hembra,,Beige,,
1089,Husky Siberiano,Corto,Gris,Hembra,15
1090,Pastor alemán,Corto,Negro,Macho,13
1091,Dogo Argentino,Corto,Blanco,Macho,15
1092,Bulldog Francés,Corto,pied merle,,14
1093,Basset Hound,Corto,Negro,Hembra,12
1094,Golden Retriever,Largo,Dorado,Macho,12
1095,Golden Retriever,Largo,Dorado,Macho,12
1096,Chihuahua,Corto,Blanco,Macho,20
1097,Bulldog Francés,Corto,Marrón oscuro,Hembra,12
1098,Salchichas teckel patitas cprtas,Corto,negeo fuego,Hembra,15
1099,Doberman mini,Corto,Negro,Macho,10
1100,Golden Retriever,Largo,Dorado,Macho,12
1101,Husky Siberiano,Corto,Blanco,,15
1102,Husky Siberiano,Corto,manto negro o gris,Macho,15
1103,Terrier Escocés,Largo,Trigo,,15
1105,French poodle mini toy,Corto,Blanco,Hembra,15
1106,Pequinés,Largo,amarillo con café,Macho,14
1108,French poodle minitoy,Largo,Blanco,Hembra,20
1109,Rottwailer,Corto,Negro,Macho,12
1110,Labrador Retriever,Corto,Dorado,Hembra,20
1112,Bulldog Francés,Corto,Negro,Macho,14
1115,teckel,Corto,café,Macho,15
1116,Dogo de Burdeos,Corto,Beige,,8
1117,Cocker,Corto,Chocolate,Hembra,15
1118,Pitbull,Corto,Negro,,14
1119,American Bully,Corto,Gris,Hembra,15
1120,Bichón frisé machos y hembras,Largo,Blanco,Hembra,20
1121,Gran Danés,,Smoking,Hembra,
1122,Bulldog Francés,Corto,,,14
1123,Bulldog Inglés,Corto,Lila,Hembra,10
1126,Shitzu,Largo,Tricolores y Blanquitas de pelaje largo..,Hembra,12
1127,Bichón Maltés,,Blanco,,
1130,French poodle minitoy,Largo,Marrón oscuro,Hembra,20
1132,Husky Siberiano,Corto,manto negro o gris,Macho,15
1134,Golden Retriever,Corto,Dorado,Macho,12
1135,Bichón Maltés,Largo,Blanco,Hembra,15
1136,Schnauzer miniatura,Corto,salpimienta,Hembra,17
1138,Bulldog Francés,Corto,Blanco,,14
1139,Cachorros freen poodle minitoy,Corto,blanco y color beis,Macho,15
1140,Pitbull,Corto,Marrón claro,Hembra,14
1141,Dogo Argentino,Corto,Blanco,,12
1142,Cane Corso,Corto,Negro,Macho,12
1143,Bichón Maltés,,Blanco,,
1144,Gran Danés,Corto,Negro,Macho,8
1145,Bulldog Francés,Corto,,,14
1147,West Highland White Terrier,Largo,Blanco,Hembra,15
1149,Ovejero Alemán,Largo,,,13
1150,Pitbull,Corto,Crema,,14
1152,Beagle,Corto,Negro,Hembra,15
1153,Labrador Retriever,Corto,Blanco,Hembra,20
1154,Husky,Corto,Negro,Macho,15
1155,Cocker Spaniel Inglés,Largo,Dorado,,15
1156,Galgo Afgano,Largo,Gris,Macho,
1157,French poodle,Corto,Blanco,Hembra,17
1158,Golden Retriever,Largo,Dorado oscuro,Hembra,10
1160,Cocker pequeño,Largo,café,Hembra,15
1161,French poodle machos y hembras,Largo,Blanco,Hembra,20
1163,Golden Retriever,Largo,Dorado claro,Macho,14
1164,Schnauzer miniatura sal pimienta,Largo,sal pimienta,Macho,15
1165,French castellano,Corto,Blanco,Hembra,50
1167,Shitzu Miniatura,Corto,Bicolor,Macho,12
1168,Bichón Maltés,Largo,Blanco,,2
1171,Doberman,Corto,Negro,,13
1172,Schnauzer,Largo,BLANCO NEGRO SAL Y PIMIENTA,Macho,16
1173,Golden,Corto,Crema,Macho,1
1174,Cachorros French poodle minitoy tasita de te,Largo,Blanco,Hembra,20
1175,Yorkshire Terrier,Largo,,Macho,16
1177,Ovejero Alemán,Largo,,,13
1178,American Staffordshire Terrier,Corto,Negro,Macho,15
1179,FRENCH POODLE TOY,Largo,Blanco,Hembra,15
1181,Chihuahua,Corto,Blanco Y CREMA,Hembra,15
1182,Shih Tzu,Largo,Tricolor,Hembra,16
1183,Golden Retriever,Largo,Dorado,Macho,15
1184,Schnauzer,Largo,Blanco,Hembra,16
1186,american bully pocket,Corto,Negro,Hembra,8
1187,French Podde,,Beige,Macho,
1188,Schnauzer,Largo,,,16
1192,Pug,Corto,Crema,,15
1193,Bulldog Francés,Corto,Coral claro,Macho,14
1194,French Minitoy,Corto,Blanco,Macho,12
1195,American Staffordshire Terrier,Corto,café,Macho,15
1196,American Staffordshire Terrier,Corto,Rayado,Macho,15
1197,American Staffordshire Terrier,Corto,Negro,Macho,15
1198,American Staffordshire Terrier,Corto,Crema,Macho,15
1199,Beagle,Corto,Blanco,Macho,14
1200,French poodle mini toy,Corto,Blanco,Macho,15
1201,french,Corto,blanco y beagel,Hembra,16
1203,Pug,Corto,Negro,Hembra,15
1204,San Bernardo,Largo,Blanco y rojo,Macho,12
1205,Pitbull terrier,Corto,Dorado oscuro,Macho,12
1206,Haski,Corto,,Hembra,12
1207,Golden,Corto,Crema,Macho,10
1208,SALCHICHAS,Corto,NEGRO Y CAFE,,2
1210,French poodle minitoy,Largo,Blanco,Hembra,20
1211,French poodle minitoy,Largo,Marrón oscuro,Hembra,20
1212,Chihuahua,Corto,Nude,,20
1213,Pitbull,Corto,Plateado,Macho,14
1214,Bulldog Francés,Corto,Blanco,Macho,14
1217,frech poodle,Largo,Blanco,Hembra,18
1218,Husky Siberiano,Corto,manto plomo o negro,Macho,15
1219,Salchichas mini teckel,Corto,Amarillo,Hembra,15
1220,frech poodle,Largo,Blanco,Hembra,18
1222,shnauzer,Corto,salpimienta blanco y negro,Hembra,16
1223,Bulldog Francés,Corto,,,14
1224,Cachorros Golden Retriever,Largo,beige dorados,Macho,20
1225,Cane Corso,Corto,Gris,Hembra,15
1226,Golden retriver,Corto,,Macho,10
1227,Boxer,Corto,Café,Hembra,10
1230,Bulldog Francés,,Blanco,,
1231,Schnauzer,Largo,Blanco,Macho,16
1232,Bulldog Francés,Corto,Marrón oscuro,Hembra,14
1233,Yorkshire Terrier,Largo,,,16
1235,Bulldog Francés,Corto,,,14
1236,Pitbull,Corto,Marrón claro,Macho,14
1237,Ovejero Alemán,Largo,Negro,,13
1238,Caniche Toy,Largo,Blanco,Hembra,15
1239,American Bully,,gris beige negro con blanco entre otros,,
1241,Lobo woldof,Corto,Crema,Hembra,20
1242,American Bully,Corto,Gris,Macho,12
1243,Bulldog Francés,Corto,Dorado oscuro,,14
1244,Salchichas,Corto,café y negro,Hembra,17
1245,frech poodle,Corto,Blanco,Macho,14
1247,Bichón Frisé,Largo,Blanco,Macho,16
1248,Chihuahua,Corto,Naranja claro,,20
1249,Pug,Corto,Arena,,15
1251,SALCHICHAS,Corto,Dorado oscuro,,15
1252,SHITZU,Largo,Beige,Macho,2
1253,Shnauzer Miniatura,Corto,Blanco,Hembra,13
1254,Bulldog Francés,Corto,Marrón claro,Macho,11
1255,pastor aleman,Largo,Negro,Macho,13
1256,Salchicha teckel,Corto,Café,Hembra,10
1257,American Bully,Corto,Lila,Macho,15
1258,Cachorritos shitzu,Largo,Tricolor,Hembra,15
1259,Shnauzer blanco,Largo,,Hembra,10
1260,Shitzu,Largo,Tricolor,Macho,15
1262,Chihuahua,Corto,negro y amarillo,Macho,20
1263,Yorkshire Terrier,Largo,,,16
1264,Bulldog Inglés,Corto,Chocolate,,10
1266,Chihuahua,Corto,varios,Hembra,20
1267,Gran Danés,Corto,Merle,Macho,11
1270,Cachorros French poodle minitoy tasita de te,Largo,Blanco,Macho,20
1271,frech poodle,Corto,Blanco,Macho,14
1272,Yorkshire Terrier,Largo,Negro,,16
1273,Husky Siberiano,Corto,Gris,Hembra,1
1274,french,Corto,blanco y beagel,Hembra,16
1275,felpa,,,,
1276,Border Collie,Largo,Blanco y negro,Macho,12
1278,Pekinés,Largo,Blanco,,14
1279,Husky Siberiano,Corto,Crema,,15
1280,Pomerania,Largo,Blanco,Hembra,16
1281,Cachorros Schnauzer miniatura,Largo,sal pimienta,Hembra,20
1282,Pinscher Miniatura,Corto,NEGRO FUEGO Y CAFE,,12
1283,Hermosos cachorros schnauzer miniatura blancos  y sal pimienta,Largo,Blanco,Macho,20
1285,Dálmata,,Blanco,Macho,
1286,Pitbull,Corto,Blanco,,14
1287,Ovejero Alemán,Largo,,,13
1289,French poodle minitoy,Corto,Beige,Macho,17
1290,Schnauzer miniatura,Corto,salpimienta,Macho,17
1291,Dogo Argentino,Corto,Blanco,Macho,12
1293,Dogo Argentino,,Blanco,,
1294,Bulldog Francés,Corto,gris y negro,Hembra,10
1296,Mastín Napolitano,Corto,Beige,Macho,12
1297,Shnauzer blancos,Largo,,Hembra,10
1298,Bulldog Francés,Corto,Marrón oscuro,,14
1300,Ovejero Alemán,Largo,Negro,Macho,13
1301,frech poodle,Corto,Blanco,Macho,14
1302,frech poodle,Corto,Blanco,Macho,14
1304,Labrador Retriever,Corto,Beige,,14
1305,Golden Retriever,Largo,Crema,,12
1306,pastor aleman,Largo,Negro,Macho,13
1307,Labrador,Corto,Beige,Macho,12
1308,Bulldog Francés,Corto,Negro,,14
1309,Salchicha Teckel,Corto,Negro,Macho,10
1311,Golden Retriever,Corto,Beige,Macho,15
1312,Doberman,Corto,Negro,,13
1313,Boxer,Corto,leonado,Macho,12
1314,Boyero de Berna,Largo,"Blanco, negro y fuego",Macho,12
1315,Ovejero Alemán,Largo,,,13
1316,Schnauzer miniaturas,Largo,Negro,Hembra,20
1318,French poodle minitoy,Largo,Blanco,Hembra,20
1319,Bulldog Inglés,Corto,café,Macho,10
1320,Maltés,Largo,Blanco,Macho,18
1321,Chihuahua,Corto,Blanco,Hembra,20
1322,American Bully,Corto,Negro,Hembra,10
1324,Pomerania,Largo,Naranja claro,,16
1325,Cachorros Pastor aleman puros,Largo,Negro/Fuego,Macho,20
1326,Golden machos y hembras,Largo,Beige,Hembra,20
1328,Bulldog Inglés,Corto,Blanco,Macho,10
1329,Husky Siberiano,Corto,Gris,Hembra,15
1330,frech poodle,Corto,Blanco,Macho,14
1333,frech poodle,Largo,Blanco,Hembra,18
1335,Chihuahua,Largo,Chocolate,Macho,12
1337,Shitzu tricolor,Largo,Tricolor,Macho,15
1338,Weimaraner,,Gris,Macho,14
1339,Yorkies terrier,Largo,Negro,Hembra,15
1340,Rottweiler,Corto,Negro,Macho,11
1341,Frech minitoy,Corto,,Macho,10
1342,Schnauzer miniaturas,Largo,Blanco,Hembra,20
1343,Chihuahua,Corto,Negro,Macho,15
1344,Chihuahua,Corto,Beige,Hembra,15
1346,Pitbull,Corto,negro y blanco con negro,Macho,14
1349,frech poodle,Corto,Blanco,Macho,14
1350,Terrier Escocés,Largo,Negro,,15
1351,Pekinés,Corto,CAFE Y BLANCO,,15
1353,Yorkshire terrier mini,Largo,Dorado oscuro,Hembra,16
1354,Yorky,Largo,,Macho,16
1355,frech poodle,Largo,Blanco,Hembra,18
1356,golden retrivers,Largo,Dorado,Macho,18
1357,pastor aleman,Largo,Negro,Macho,13
1358,Ovejero Alemán,Largo,Negro,,13
1360,Rottweiler,Corto,Negro,Hembra,10
1361,Cachorros Golden Retriever,Largo,Dorado,Hembra,20
1362,Rottweiler,Corto,Negro,Macho,10
1363,Shnauzer blsnco,Largo,,Macho,12
1364,Jack Russell,Corto,Blanco,Macho,12
1365,Frech minitoy,Corto,,Macho,12
1367,Golden Retriever,Largo,Beige,Hembra,20
1368,Golden Retriever,Largo,Beige,,12
1369,Pug,Corto,Beige,Macho,15
1370,Chihuahua,Corto,Crema,Hembra,20
1371,Husky Siberiano,Corto,Blanco,,15
1372,Schnauzer miniatura,Largo,sal pimienta,Hembra,20
1373,Yorkie,Largo,Negro/Fuego,Hembra,15
1374,French,Largo,Blanco,Macho,16
1376,Schnauzer,Largo,Blanco,,15
1377,Husky Siberiano,Corto,Negro,Hembra,15
1378,frech poodle,Corto,Blanco,Macho,14
1380,Bulldog Inglés,Corto,Blanco,,14
1381,SHITZU,,Chocolate,Hembra,
1383,Pug,Corto,Beige,Macho,15
1384,Bichón Maltés,Largo,Blanco,Hembra,15
1385,Shitzu,Largo,Marrón claro,Macho,17
1386,Yorkshire Terrier,Largo,Negro,,16
1387,Schnauzer miniatura blanco,Largo,Blanco,Macho,15
1388,Golden Retriver,Largo,Dorado,Macho,1
1389,Bulldog Inglés,Corto,Índigo,Macho,10
1390,Yorshire shire,Largo,Negro - Fuego,Macho,13
1391,Shitzu Miniatura,Corto,Tricolor,Macho,12
1392,pastor aleman,Largo,Negro/Fuego,Macho,13
1393,frech poodle,Corto,Blanco,Macho,14
1394,Pastor Alemán,Largo,Negro/Fuego,Macho,13
1396,Bichón Maltés,Largo,Blanco,,15
1397,Bulldog Inglés,Corto,Negro,,14
1398,Bulldog Inglés,Corto,Blanco,,14
1403,Bulldog Francés,Corto,Negro,Macho,14
1404,Husky,Largo,Negro,Macho,15
1406,Cachorros Schnauzer Miniatura sal pimienta,Largo,sal pimienta,Hembra,20
1407,Rough Collie,Largo,Rojo y blanco,Macho,12
1408,Pequines cabesa de leon,Largo,Café claro,Hembra,14
1409,Gran Danés,Corto,Dorado,Macho,12
1410,Shnauzer Miniatura,Corto,Blanco,Macho,13
1411,Shitzu minitoy,Largo,Tricolor,Hembra,20
1412,West highland terrier,Largo,Blanco,Hembra,20
1414,Pastor alemán,Largo,Blanco,Macho,20
1415,shitzu,Largo,Bordó,Hembra,16
1416,Pincher miniatura,Corto,Negro,Hembra,18
1418,Bulldog Francés,Corto,Blanco,,14
1421,Shihtzu y Bulldog Inglés,,Beige,Hembra,
1424,Schnauzer miniatura,Largo,blanco sal pimienta,Macho,15
1425,pug carlino,Corto,Beige,Hembra,15
1426,Ovejero Alemán,Largo,,,13
1427,Pastor aleman,Largo,Negro,,13
1428,Pastor Inglés,Largo,Bicolor,,14
1429,pastor aleman,Largo,Negro/Fuego,Macho,13
1430,Beagle,Corto,Blanco,Macho,15
1431,French poodle,,Negro,Hembra,
1432,Golden Retriever,Largo,Dorado,Macho,15
1433,Schnauzer miniatura sal pimienta,Largo,sal pimienta,Macho,15
1434,Golden retriver,Corto,,Macho,12
1436,Pomerania,Largo,Crema,,16
1437,Frech minitoy,Corto,,Hembra,12
1438,Chihuahua,Corto,Blanco,Macho,20
1439,Akita,Corto,Gris,Macho,12
1441,Shnauzer,Largo,,Macho,10
1443,Pitbull,Corto,Blanco,,14
1444,Pomerian lulú,Largo,Blanco,Macho,15
1445,French poodle minitoy,Largo,Blanco,Hembra,20
1447,Pastor alemán,Corto,Negro,Macho,12
1448,Pekinés,Largo,Marrón oscuro,,14
1451,Bulldog Francés,Corto,Negro,,14
1452,Schnauzer,Largo,Blanco,Hembra,16
1453,Schnauzer,Largo,Gris,Macho,14
1454,French poodle mini toy,Corto,Blanco,Macho,15
1455,Pastor Aleman,Corto,Negro,Macho,13
1456,Schnauzer,Corto,Plateado,Macho,16
1457,French mini toy,Corto,Blanco,Macho,14
1459,Husky Siberiano,Corto,Bicolor,,15
1460,Chihuahua,Corto,Negro,,20
1461,Golden Retriever,Largo,Crema,Macho,12
1462,pastor aleman,Largo,Negro,Macho,13
1463,Yorkshire Terrier,Largo,,,16
1464,frech poodle,Largo,Blanco,Hembra,18
1465,Schnauzer,Largo,Blanco,,15
1466,Schnauzer miniatura,Largo,salpimienta,Macho,15
1467,Schnauzer,Corto,Blanco,,20
1468,French Minitoy,Corto,Blanco y Beige,Hembra,12
1469,French,Corto,Blanco,Macho,13
1471,Schnauzer miniatura sal pimienta,Corto,sal pimienta,Macho,15
1473,Schnauzer,Largo,BLANCO NEGRO SAL Y PIMIENTA,Macho,16
1474,shnauzer,Corto,salpimienta blanco y negro,Hembra,16
1475,Pekinés,Largo,Blanco,,14
1476,Yorkshire Terrier,Largo,Negro,Macho,16
1477,Bichón Maltés,Largo,Blanco,Macho,12
1478,Beagle,Corto,Tricolor,,15
1479,Fila Brasilero,Corto,Dorado oscuro,Macho,14
1480,Bichón Maltés,Largo,Blanco,,2
1481,Bichon maltés miniaturas,Largo,Blanco,Hembra,20
1482,Bichón Frisé,Largo,Blanco,Hembra,20
1483,Beagle,Corto,Tricolor,,15
1485,frech poodle,Corto,Blanco,Macho,14
1487,Chihuahua,Corto,Blanco,,20
1488,Bulldog Francés,Corto,Azul marino,,14
1489,Bulldog Inglés,,Blanco,Macho,
1490,Shnauzer,Largo,,Macho,10
1491,Husky Siberiano,Largo,manto negro,Hembra,20
1492,Bichon maltés miniaturas,Largo,Blanco,Hembra,20
1493,Golden Retriever,Largo,Beige,Hembra,20
1494,French poodle minitoy,Largo,Blanco,Hembra,20
1495,Pinscher Miniatura,Corto,Marrón,Macho,16
1496,Yorkiterrier,Corto,Azul acero,Hembra,15
1498,Chihuahua,,Blanco,Macho,
1499,Pitbull,Corto,Blanco,Hembra,15
1501,Schnauzer,Largo,sal pimienta,Macho,16
1502,Golden,Largo,Beige,Macho,16
1503,Shnauzer,Largo,,Macho,10
1504,Bulldog Inglés,Corto,Tricolor,Macho,10
1505,Frech minitoy,Corto,,Macho,10
1506,Znaucher,Largo,Gris oscuro,Macho,12
1507,Shitzu,,cafes,Hembra,
1509,Chihuahua,Corto,Blanco,Hembra,20
1510,frech poodle,Corto,Blanco,Macho,14
1511,Golden Retriever,Largo,Dorado,Macho,12
1513,frech poodle,Largo,Blanco,Hembra,18
1514,frech poodle,Largo,Blanco,Hembra,18
1515,Schnauzer,Largo,SAL PIMIENTA,,15
1516,Schnauzer,Largo,Blanco,,15
1517,Shih Tzu,Largo,Blanco,Macho,16
1518,Bichón Maltés,Largo,Blanco,,2
1519,Golden Retriever,Largo,Dorado,Macho,15
1523,french,Corto,blanco beagel,Macho,16
1524,Bichón Maltés,Largo,Blanco,Macho,15
1525,Pug,Corto,Negro,,15
1526,Husky Siberiano,Largo,Husky siberiano,Macho,15
1528,Doberman,Corto,Negro,Macho,15
1529,Shar Pei,Corto,Beige,Macho,16
1530,Pinscher Miniatura,Corto,Negro,Macho,16
1531,Ovejero Alemán,,Negro,Macho,
1532,Shitzu,Largo,,Macho,12
1534,Parson Russell Terrier,Corto,Blanco,Macho,12
1535,Shnauzer,Largo,,Macho,10
1536,French Minitoy,Corto,Beige,Hembra,12
1537,Frech minitoy,,,Hembra,
1538,Frech minitoy,Corto,,Hembra,10
1541,Pug,Corto,Caqui,,15
1542,Shnauzer,Largo,,Macho,10
1543,Husky Siberiano,Corto,negro con blanco,,15
1544,Golden retriver,Largo,Dorado oscuro,Hembra,17
1545,Beagle tricolor,Corto,,Hembra,15
1546,frech poodle,Corto,Blanco,Hembra,20
1547,Yorky,Largo,,Hembra,16
1548,Husky,Corto,Blanco,Macho,15
1549,pastor aleman,Largo,Negro/Fuego,Macho,13
1550,Hermosos cachorros schnauzer miniatura blancos salpimienta y negros,Largo,blancos salpimienta negros,Macho,20
1553,Husky Manto Rojo,Largo,Café,Hembra,15
1554,Pekinés,Largo,Blanco,,14
1556,Terranova,Largo,Negro,Macho,14
1557,Dogo de Burdeos,Corto,Dorado oscuro,Macho,14
1559,Pitbull,Corto,café claro con blanco,Macho,14
1560,Golden Retriever,Largo,Beige,Macho,14
1561,Shnauzer,Largo,,Hembra,12
1562,Pekinés,Largo,Blanco,,14
1563,frech poodle,Corto,Blanco,Macho,14
1564,Yorkshire Terrier,Largo,Negro/Fuego,,15
1565,Akita Americano,Corto,Tricolor,,15
1566,golden retrivers,Largo,Dorado,Macho,18
1567,pastor aleman,Largo,Negro,Macho,13
1568,frech poodle,Largo,Blanco,Hembra,18
1570,Pequinés,Largo,Blanco,Macho,17
1571,Shnauzer,Largo,,Macho,12
1575,Golden Retriever,Largo,Dorado,Macho,15
1577,Schnauzer miniatura sal pimienta,Largo,sal pimienta,Macho,15
1580,Golf en retriver,Largo,Beige,Hembra,17
1581,french,Corto,blanco y beagel,Hembra,16
1582,Schnauzer miniatura,Corto,salpimienta,Hembra,17
1583,french,Corto,blanco y beagel,Hembra,16
1586,Chow Chow,Corto,Marrón,Macho,15
1587,Bichón Frisé,Largo,Negro,Macho,16
1588,Husky Siberiano,Largo,Blanco,Hembra,15
1589,Pastor australiano ovejero,Largo,Blanco y gris,Macho,12
1590,Pitbull,Corto,Gris oscuro,Hembra,20
1591,Beagle,Corto,Blanco,Hembra,15
1592,Shitzu,Largo,,Macho,12
1593,Husky Siberiano,Corto,Blanco con negro,Macho,14
1594,SHITZU,Corto,COMBINADO,Macho,15
1595,Shnauzer,Largo,Blanco,Macho,10
1596,French Poodle mini toy,,Blanco,Hembra,
1597,Bulldog Inglés,Corto,blanco con cafe,Macho,10
1598,Shih Tzu,Largo,Blanco,,16
1599,frech poodle,Corto,Blanco,Macho,14
1600,Bulldog Inglés,Corto,Blanco,Macho,10
1602,Cachorros Bichón Maltés Tea cup tasita de te,Largo,Blanco,Macho,20
1604,Chihuahua,Corto,Beige,Macho,20
1606,Scotish terrier,Largo,Negro,Hembra,12
1607,pug carlino,Corto,Beige,Hembra,15
1609,Boston Terrier,Corto,Rojo,,15
1610,Ovejero Alemán,Largo,,,13
1611,Bulldog Francés,Corto,,,14
1612,Cocker Spaniel,Largo,Dorado,Macho,14
1613,TECKEL,Corto,Negro,Macho,8
1614,Cachorros Schnauzer Miniatura blancos,Largo,Blanco,Macho,20
1615,Schnauzer,Largo,sal pimienta,Hembra,30
1616,Piquines,Largo,café,Hembra,10
1617,Maltés/fresh,Corto,Beige,Hembra,13
1619,Husky Siberiano,Corto,manto plomo o negro,Macho,15
1620,Pitbull,Corto,Plateado,,14
1621,Schnauzer miniaturas,Largo,Blanco,Hembra,20
1622,Shitzu minitoy,Largo,Tricolor,Hembra,20
1623,Pitbull,Corto,Blanco,Hembra,14
1624,Chihuahua,Corto,Crema,Hembra,20
1626,Pekinés,Largo,Tres Colores,Macho,15
1629,Pug calino,Corto,Crema,Hembra,17
1630,Shitzu,Largo,Blanco,Macho,15
1631,French,Corto,Blanco,Hembra,16
1632,Cachorros Schnauzer miniatura,Largo,Blanco,Hembra,20
1633,Golden retrievers Raza pura,Largo,Beige,Hembra,15
1634,Schnauzer miniatura,Corto,salpimienta,Macho,17
1635,Chihuahua cabeza de manzana,Corto,Blanco,Macho,15
1637,Husky Siberiano,Corto,Blanco con negro,,15
1638,Pastor alemán,Largo,Negro/Fuego,Hembra,15
1639,Pequinés,Corto,,Macho,10
1640,Chihuahua,Largo,Chocolate,Macho,12
1641,Schnauzer Mini,Largo,SAL PIMIENTA,,2
1643,Schnauzer,Largo,Blanco,Hembra,20
1644,Beagle,Corto,Tricolor,Hembra,15
1645,Bichón Maltés,Largo,Blanco,Hembra,20
1646,Cocker,Largo,Blanco,Hembra,20
1647,Shih Tzu,Largo,Gris,,16
1649,Yorkshire Terrier,Largo,Marrón,Macho,16
1650,Shih Tzu,Largo,Bicolor,Hembra,12
1651,Pug carlino,Corto,Beige,Macho,12
1652,Yorkshire Terrier,Largo,café,,16
1654,Cachorros Schnauzer miniatura,Largo,Blanco,Macho,20
1657,Bulldog Inglés,Corto,Chocolate,,10
1658,Bichon maltes frise,Largo,blancos,Macho,15
1659,Bulling,Corto,Blanco,Macho,12
1660,Bulldog Inglés,Corto,Blanco,Macho,10
1662,Husky Siberiano,Corto,manto plomo o negro,Macho,15
1664,frech poodle,Largo,Blanco,Hembra,18
1665,Salchicha,Corto,Negro,Hembra,20
1666,Bichón Maltés,Largo,Blanco,Hembra,15
1667,frech poodle,Largo,Blanco,Hembra,18
1669,Pug carlino,Corto,Marrón claro,Hembra,15
1672,French,Corto,blanco y beagel,Hembra,12
1673,Husky Siberiano,Corto,manto negro o gris,Macho,15
1674,Cachorros,Corto,Blanco,Hembra,12
1675,French,Corto,Blanco,Macho,16
1676,shnauzer,Corto,salpimienta blanco y negro,Hembra,16
1677,Schnauzer,Corto,Gris,Hembra,16
1678,Shitzu Miniatura,Corto,Bicolor,Hembra,13
1679,Yorkshire Terrier,Largo,Negro,Macho,16
1680,Husky Siberiano,Corto,Negro,Macho,12
1681,Yorkshire Terrier,Largo,Negro,,16
1682,TECKEL SALCHICHA,,Negro/Fuego,Hembra,
1684,Bull Terrier,Corto,Blanco,Hembra,14
1686,Husky Siberiano,Corto,café,Hembra,15
1687,Yorkshire Terrier,Largo,Dorado,Macho,16
1688,Boston Terrier,Corto,Blanco y negro,Macho,12
1689,Doberman,Corto,Negro con café,Macho,13
1690,Shnauzer,Largo,,Macho,12
1692,Shnauzer,Largo,,Macho,12
1693,Shnauzer,Largo,,Macho,12
1694,Schnauzer Mini,Largo,BLANCO Y SAL PIMIENTA,,15
1695,pastor aleman,Largo,Negro,Macho,13
1697,Bulldog Francés,Corto,,,14
1698,frech poodle,Largo,Blanco,Hembra,18
1699,frech poodle,Corto,Blanco,Hembra,20
1700,frech poodle,Largo,Blanco,Hembra,18
1701,frech poodle,Corto,Blanco,Macho,14
1703,French,Corto,,Hembra,12
1704,French,Corto,Blanco,Hembra,2
1705,Golden Retriever,Corto,Dorado,Macho,15
1706,Pekinés,Largo,Blanco,,14
1707,Golden Retriever,Largo,Dorado oscuro,Macho,15
1708,Shitzu miniatura,Largo,Tricolor,Macho,15
1709,Schnauzer miniatura sal pimienta,Largo,sal pimienta,Macho,15
1710,Schnauzer,Largo,Blanco,Macho,16
1712,french,Largo,blancos y beagel,Hembra,16
1714,Schnauzer,Largo,salpimienta,Macho,16
1715,Frech minitoy,Corto,Blanco,Macho,10
1716,Gran Danés,Corto,Blanco,,8
1717,Golden Retriever,Corto,Dorado,Hembra,10
1718,Jack Russell Terrier,Corto,Blanco,Macho,15
1719,Pekinés,Largo,Marrón claro,,14
1720,Pomerania,Largo,Blanco,Macho,16
1722,PINCHER,Corto,TIPO VAQUITA,Macho,14
1724,Golden Retriever,Corto,Beige,Macho,12
1725,Shnauzer sal pimienta,Largo,,Macho,12
1726,Pomerania,Largo,Dorado oscuro,Macho,12
1727,Husky Siberiano -,Largo,Blanco,Macho,15
1728,Fox Terrier,Corto,Blanco,Macho,14
1730,Pekinés,Largo,Blanco,Macho,14
1731,Chihuahua,Corto,Marrón claro,Hembra,20
1732,Pastor Alemán,Corto,Blanco,Macho,12
1733,Husky Siberiano,Corto,Rojo,Macho,12
1735,Husky Siberiano,Corto,Dorado,Macho,12
1736,Labrador Retriever,Corto,Beige,Macho,12
1737,Pequines,Largo,Blanco,Macho,15
1739,Shnauzer,Largo,,Macho,10
1740,Pug Carlino,Corto,Beige,Macho,12
1741,Bullmastiff,Corto,Dorado oscuro,Macho,12
1742,Bulldog Inglés,Corto,Blanco,,10
1743,Chihuahua mini toy,Corto,Negro,Macho,20
1746,Bulldog Inglés,Corto,,Macho,10
1747,Shitzu,Largo,,Macho,10
1750,Chihuahua,Corto,Blanco,Macho,20
1751,French poodle minitoy,Largo,Blanco,Hembra,20
1752,Husky,Corto,Gris oscuro,Macho,14
1753,Husky Siberiano,Corto,Negro,Hembra,15
1754,Golden,Corto,Blanco,Hembra,10
1755,Bichón Frisé,Largo,Blanco,,
1757,Chihuahua,Corto,Crema,Hembra,20
1758,Beagle,Corto,Marrón claro,Macho,15
1760,PASTOR ALEMAN,Corto,Rojizo,Macho,12
1761,Schnauzer,Largo,Blanco,Macho,15
1764,frech poodle,Corto,Blanco,Macho,14
1765,Bichón Maltés,Corto,Blanco,Macho,12
1767,FRENCH POODLE,Corto,Chocolate,,20
1768,Schnauzer,Largo,sal pimienta,Macho,16
1770,Beagle,Corto,Tricolor,Macho,15
1771,Schnauzer machos y hembras,Largo,Blanco,Hembra,20
1772,Schnauzer,Largo,Blanco,Macho,16
1773,Shih Tzu,Largo,Blanco,Macho,16
1774,Shnauzer,Largo,,Hembra,10
1775,Schnauzer,Corto,Gris oscuro,Hembra,12
1777,Husky Siberiano,Corto,Gris,,15
1779,Schnauzer,Corto,Blanco,Macho,12
1781,Yorkshire Terrier,Largo,Negro,,16
1783,Schnauzer,Corto,Blanco,Macho,16
1784,french,Corto,blanco beagel y cafe,Hembra,16
1785,Shnauzer sal pimienta,Largo,,Hembra,10
1786,Chihuahua,Corto,Blanco,Hembra,15
1787,Bichón Maltés,Largo,Blanco,Macho,15
1788,Golden Retriever,Largo,Dorado,Macho,12
1789,Shitzu,Largo,Tricolor,Macho,15
1790,Shnauzer,Largo,,Hembra,12
1791,frech poodle,Corto,Blanco,Macho,14
1793,Pug,Corto,,,15
1795,FRENCH POODLE MINI,Corto,Blanco crema,,20
1796,frech poodle,Corto,Blanco,Hembra,2
1797,Schnauzer,Largo,salpimienta,Macho,16
1798,Chihuahua,Corto,Marrón claro,Macho,12
1801,Bulldog Francés,Corto,Coral claro,Macho,15
1802,Golden,Corto,,Macho,12
1803,PUG CARLINO,Corto,Arena,,14
1804,Golden,Largo,,Hembra,10
1805,Shnauzer,Largo,,Macho,10
1806,Golden,Corto,,Macho,12
1807,Chihuahua,Corto,Cafe claro,Macho,20
1808,Golden,Corto,,Macho,12
1810,frech poodle,Corto,Blanco,Macho,14
1811,Labrador Retriever,Corto,Turquesa,,14
1812,Shnauzer,Largo,,Macho,10
1816,Schnauzer,Corto,blanco ysal y pimienta,Hembra,16
1817,Schnauzer,Largo,sal y pimienta,Hembra,16
1818,Golden Retriever,Largo,Dorado,Macho,15
1819,Shitzu,Largo,Tricolor,Hembra,12
1820,french,Corto,blanco y beagel,Hembra,16
1821,Frechminitoy,,,Macho,
1823,Schnauzer,Largo,,,16
1825,Bulldog Inglés,Corto,Gris,Hembra,10
1826,Pincher miniatura,Corto,Chocolate,Macho,17
1827,Bulldog Francés,Corto,negro y blanco,Macho,15
1828,Rottweiler,Corto,Negro,Hembra,10
1830,Bulldog Francés,Corto,Índigo,Macho,15
1831,SALCHICHA TECKEL MINI,,Negro/Fuego,Hembra,
1833,Dogo Argentino,,Blanco,Hembra,
1834,Chihuahua,Corto,Crema,,20
1836,Ovejero Alemán,Largo,,,13
1837,Miniature dachshund,Corto,Marrón claro,Macho,9
1838,West Highland White Terrier,Largo,Blanco,Macho,16
1839,Pekinés,Largo,Blanco,,14
1840,Shih Tzu,Largo,,Hembra,12
1841,Schnauzer miniaturas,Largo,Blanco,Hembra,20
1842,Schnauzer miniaturas,Largo,Blanco,Hembra,20
1843,Frech minitoy,Largo,,Macho,12
1844,Chihuahua,Corto,Negro,Macho,20
1845,Cocker,Largo,dorados blanco con dorados,Macho,20
1846,Pastor Inglés,Largo,Tricolor,Macho,15
1848,Schnauzer,Corto,Blanco,Macho,16
1849,Golden Retriever,Largo,Dorado,Macho,12
1850,Yorkshire Terrier,Largo,Negro,Hembra,16
1851,PASTOR ALEMAN,Largo,Negro,,13
1857,Shitzu,Largo,Marrón claro,Macho,15
1858,Shnauzer,Largo,,Macho,12
1860,Golden Retriver,,Dorado,Macho,
1864,French,Corto,Blanco,Macho,16
1865,Golden Retriever,Corto,Beige,Macho,12
1867,Golden Retriever,Largo,Dorado,Hembra,12
1870,Schnauzer Mini,Largo,sal y pimienta,Macho,14
1871,Shih Tzu,Largo,Tricolor,,16
1872,Golden Retriever,Largo,Beige,,14
1873,Shit zu,Largo,"cafes claros, blanco, negro, tricolor",Macho,16
1874,Pastor Aleman,Largo,Negro/rojizo,,13
1875,Frechminitoy,Corto,,Macho,10
1876,Schnauzer Mini,Largo,Blanco,Macho,15
1877,Schnauzer,Largo,,,16
1879,Schnauzer,Corto,sal pimienta,Macho,16
1880,frech poodle,Corto,Blanco,Macho,14
1881,frech poodle,Corto,Blanco,Macho,14
1882,PASTOR ALEMAN,Largo,Negro/Fuego,,13
1883,frech poodle,Corto,Blanco,Macho,14
1884,pastor aleman,Largo,Negro/Fuego,Macho,13
1885,frech poodle,Corto,Blanco,Macho,14
1886,frech poodle,Corto,Blanco,Macho,14
1887,Shnauzer,Largo,,Hembra,12
1890,Shnauzer blancos,Largo,,Macho,12
1891,Pekinés,Largo,Marrón claro,Hembra,14
1892,Pekinés,Largo,Crema,,14
1893,Caniche Mini,Largo,Chocolate,,20
1894,Pekineses,Corto,Blanco,Macho,1
1895,Shih Tzu,Largo,Tricolor,Macho,16
1896,Yorkshire terrier mini,Largo,Negro/Fuego,Macho,15
1897,Schnauzer,Largo,Negro,,16
1898,Ovejero Alemán,Largo,,,13
1902,Husky Siberiano,Corto,Blanco,,15
1905,Chihuahua,Corto,Crema,Macho,20
1907,Chihuahua,Corto,Chocolate,Macho,12
1908,Pekinés,Largo,Tricolor,Hembra,14
1909,Pekinés,Largo,Marrón claro,Hembra,14
1910,Shnauzer blancos,Largo,,Hembra,12
1911,Pekineses,Corto,Marrón,Macho,1
1914,Golden,Largo,,Macho,10
1915,Shitzu,Largo,blanco y negro,Hembra,14
1916,Shnauzer,Corto,blanco y salpimienta,Hembra,12
1917,Golden Retriever,Largo,,,12
1919,Shnauzer blanco,Largo,,Macho,12
1920,Golden Retriever,Largo,Dorado,Macho,15
1921,Golden,Corto,,Hembra,12
1922,Schnauzer,Largo,Blanco,Hembra,16
1923,Shnauzer,Largo,,Macho,10
1924,french,Corto,blanco y beagel,Macho,16
1925,french,Corto,blanco y beagel,Macho,16
1926,french,Corto,Blanco,Hembra,16
1927,Bulldog Francés,Corto,Lila,Hembra,14
1928,french,Corto,blanco y beagel,Hembra,16
1930,Shitzu,Largo,Tricolor,Hembra,12
1932,Schnauzer,Largo,salpimienta,Macho,16
1933,French,Corto,Blanco,Macho,13
1934,Shih Tzu,Largo,Blanco con negro,Macho,16
1936,American Staffordshire Terrier,Corto,Blanco con machas,,15
1938,Rottweiler,Largo,Negro,Macho,30
1939,Chihuahua,Corto,Marrón claro,,20
1941,Chihuahua Toy Cabeza de Manzana,Corto,Chocolate,Macho,18
1942,PASTOR ALEMAN,Largo,,,13
1944,Pug,Corto,Crema,,15
1945,American Bully Pomeranea Bull Francés,,600,Hembra,
1946,Bulldog Inglés,Corto,Ocre,Hembra,15
1948,American Bully,Corto,Chocolate,Macho,15
1950,Bulldog Inglés,Corto,Blanco,Macho,15
1951,Shih Tzu,Largo,Blanco con negro,Macho,16
1952,Shih Tzu,Largo,Blanco con café,Macho,16
1953,Frech minitoy,Corto,,Macho,12
1955,Beagle,Corto,Negro,Macho,16
1956,Bichón Frisé,Corto,Blanco,Macho,17
1957,akita,Largo,Café,,15
1958,American Bully,Corto,,Hembra,12
1959,Schnauzer miniatura negro,Largo,Negro,Macho,15
1961,Border,Largo,Marrón claro,Hembra,18
1963,Samoyedo,Largo,Blanco,Macho,13
1964,Chihuahua,Corto,Blanco,,20
1966,Pitbull,Corto,Blanco,Macho,14
1967,Samoyedo,Largo,Blanco,,15
1970,French,Corto,Negro,Macho,16
1971,Pitbull,Corto,Blanco,Macho,14
1972,Doberman pinscher toy,Corto,Negro/Fuego,Macho,15
1974,French poodle mini toy,Corto,Blanco,Macho,15
1975,Bichón Maltés,Largo,Blanco,Hembra,15
1976,Caniche Mini,Largo,Chocolate,Hembra,20
1977,Pastor Aleman,Largo,Negro/Fuego,Macho,14
1978,Yorkie,Largo,Negro/Fuego,Hembra,16
1980,Pug Carlino,Corto,Marrón claro,Macho,15
1984,Pekinés,Largo,,Macho,14
1985,Bulldog Francés,Corto,Gris oscuro,Macho,14
1986,Golden Retriever,Largo,Dorado,Macho,12
1987,Bichón Maltés,Largo,Blanco,,20
1988,Labrador,Corto,Crema,Macho,17
1989,Yorkshire Terrier,Largo,Negro/Fuego,Macho,16
1990,Yorkshire,Corto,Negro,Hembra,10
1991,Bulldog Francés,Corto,Marrón claro,Hembra,15
1992,Cane Corso,Corto,Gris,Macho,12
1993,Husky Siberiano,Corto,Amarillo,Macho,15
1994,Pug carlino,Corto,,Macho,15
1995,Labrador Retriever,Corto,Dorado,Macho,18
1996,PASTOR ALEMAN,Largo,Negro/Fuego,,13
1997,Doberman,Corto,Negro,Hembra,13
1998,Yorkshire,Largo,,Macho,16
1999,Pekinés,Largo,Blanco,,14
2000,Akita Americano,Corto,Tricolor,,15
2001,Shih Tzu,Largo,Tricolor,Hembra,16
2004,Pomerania,,,Hembra,
2005,Beagle,Corto,Tricolor,Hembra,10
2006,Golden Retriever,Largo,Dorado oscuro,Macho,18
2007,Beagle,Corto,Tricolor,,15
2009,Schnauzer,Corto,Blanco,,14
2010,BICHPOO,Corto,Negro,,15
2011,Yorkshire Terrier,Largo,Negro y fuego,Macho,16
2013,Golden Retriever,Largo,Crema,,12
2014,Golden Retriever,Largo,Dorado oscuro,Macho,18
2015,Border Collie,Largo,Negro,,15
2016,Bulldog Inglés,Corto,Lila,,10
2017,Chihuahua,Corto,Blanco,Macho,20
2018,Bulldog Inglés,Corto,Beige,Macho,10
2019,Bulldog Inglés,Corto,Lila,,13
2020,Shih Tzu,Largo,BLANCO Y BEIGE,Hembra,16
2021,Chihuahua,Corto,Beige,Hembra,12
2022,Chihuahua,Corto,café,Macho,20
2023,Golden Retriever,Largo,Beige,Macho,12
2024,Golden Retriever,Largo,Dorado oscuro,,12
2025,Schnauzer,Corto,sal pimienta,,14
2026,Yorkshire Terrier,Largo,Plateado,Macho,16
2027,Yorkshire Terrier,Largo,Negro y fuego,Macho,16
2028,Schnauzer,Corto,Negro,,14
2029,Schnauzer,Corto,Blanco,,14
2030,Border Collie,Largo,Negro,,15
2031,Border Collie,Largo,Blanco,,15
2032,Chihuahua,Corto,café,,20
2033,Jack Russell Terrier,Corto,Bicolor,Hembra,16
2034,Schnauzer Mini,Largo,Sal & pimienta,Macho,13
2035,Bichón Frisé,Largo,Blanco,,15
2037,Chow Chow,Corto,Crema,Macho,15
2039,Golden Retriever,Largo,Dorado,Hembra,14
2040,Springer Spaniel Inglés,Largo,Negro,Hembra,14
2041,Springer Spaniel Inglés,Largo,Chocolate,Macho,14
2042,Labrador,Corto,Negro,Macho,14
